"row_id","order_no","payment_type","date","tip_amt","total_amt","zip"
"1","38252917","Gift Cards","3/1/2024","0","0.87","14150"
"2","38252920","Credit","3/1/2024","2.44","20.14","14226"
"3","38252938","Rails_DoorDash","3/1/2024","0","29.74","14150"
"4","38252925","Credit","3/1/2024","0","19.4","14150"
"5","38252929","Credit","3/1/2024","0","25","14150"
"6","38252939","Cash","3/1/2024","0","29.86","14150"
"7","38252943","Credit","3/1/2024","0","25","14150"
"8","38252951","Credit","3/1/2024","0","25","14150"
"9","38252966","Rails_DoorDash","3/1/2024","0","21.71","14150"
"10","38252971","Olo Pay","3/1/2024","1.39","16.6","14150"
"11","38252953","Credit","3/1/2024","0","11.61","14150"
"12","38252957","Credit","3/1/2024","0","25","14150"
"13","38252964","Cash","3/1/2024","0","15.75","14150"
"14","38252963","Cash","3/1/2024","0","19.54","14150"
"15","38252998","Olo Pay","3/1/2024","0","30.43","14150"
"16","38252976","Credit","3/1/2024","0","19.55","14150"
"17","38253024","Olo Pay","3/1/2024","0","110.15","14150"
"18","38253026","Credit","3/1/2024","1.2","9.89","14150"
"19","38253036","Credit","3/1/2024","0","16.85","14150"
"20","38253072","Rails_DoorDash","3/1/2024","0","18.15","14261"
"21","38253211","Rails_DoorDash","3/1/2024","0","41.78","14150"
"22","38253185","Credit","3/1/2024","0","23.13","14150"
"23","38253265","Rails_UberEats","3/1/2024","0","18.15","14150"
"24","38253245","Credit","3/1/2024","0","33.14","14150"
"25","38253250","Credit","3/1/2024","0","25.51","14150"
"26","38253373","Olo Pay","3/1/2024","0","80.41","14150"
"27","38253412","Credit","3/1/2024","2.46","20.27","14150"
"28","38253272","Credit","3/1/2024","0","14.13","14150"
"29","38253482","Rails_DoorDash","3/1/2024","0","21.4","14150"
"30","38253422","Cash","3/1/2024","0","32.91","14150"
"31","38253437","Credit","3/1/2024","0","26.06","14150"
"32","38253500","Credit","3/1/2024","3.69","23.77","14150"
"33","38253599","Rails_DoorDash","3/1/2024","0","24.66","14150"
"34","38253528","Credit","3/1/2024","2.95","24.33","14150"
"35","38253563","Credit","3/1/2024","1.95","16.07","14150"
"36","38253647","Rails_DoorDash","3/1/2024","0","13.25","14150"
"37","38253681","Olo Pay","3/1/2024","2.83","33.67","14150"
"38","38253711","Olo Pay","3/1/2024","0","16.3","14150"
"39","38253712","Olo Pay","3/1/2024","0","42.98","14150"
"40","38253606","Credit","3/1/2024","0","15.76","14150"
"41","38253685","Credit","3/1/2024","0","15.42","14150"
"42","38253675","Credit","3/1/2024","2","32.43","14150"
"43","38253702","Credit","3/1/2024","0","15.19","14150"
"44","38253818","Google","3/1/2024","0","15.97","14150"
"45","38253739","Credit","3/1/2024","0","14.13","14150"
"46","38253765","Cash","3/1/2024","0","5.43","14150"
"47","38253783","Cash","3/1/2024","0","28.23","14150"
"48","38253781","Cash","3/1/2024","0","37.69","14150"
"49","38253857","Rails_DoorDash","3/1/2024","0","32.15","14150"
"50","38253861","Cash","3/1/2024","0","20.85","14150"
"51","38253933","Rails_DoorDash","3/1/2024","0","69.99","14150"
"52","38253959","Rails_DoorDash","3/1/2024","0","67.39","14150"
"53","38253925","Credit","3/1/2024","1.99","16.43","14150"
"54","38253924","Credit","3/1/2024","0","21.5","14150"
"55","38253950","Credit","3/1/2024","0","4.65","14150"
"56","38253944","Credit","3/1/2024","0","27.8","14150"
"57","38253987","Cash","3/1/2024","0","10.86","14150"
"58","38253982","Credit","3/1/2024","0","15.31","14150"
"59","38254090","Rails_DoorDash","3/1/2024","0","31.72","14150"
"60","38254114","Rails_UberEats","3/1/2024","0","20.09","14150"
"61","38254166","Rails_DoorDash","3/1/2024","0","24.44","14150"
"62","38254319","Rails_DoorDash","3/1/2024","0","20.76","14150"
"63","38254210","Cash","3/1/2024","0","15.21","14150"
"64","38254246","Credit","3/1/2024","0","15.96","14150"
"65","38254419","Rails_DoorDash","3/1/2024","0","13.25","14150"
"66","38254434","Olo Pay","3/1/2024","0","34.23","14150"
"67","38254033","Credit","3/1/2024","5.09","42.02","14223"
"68","38254401","Credit","3/1/2024","4.2","34.63","14150"
"69","38254554","Credit","3/1/2024","0","20.42","14150"
"70","38254590","Credit","3/1/2024","0","14.12","14150"
"71","38254400","Credit","3/1/2024","0","18.79","14150"
"72","38254640","Credit","3/1/2024","2","19.7","14150"
"73","38254750","Credit","3/1/2024","0","14.32","14150"
"74","38254745","Credit","3/1/2024","2.44","20.14","14150"
"75","38254960","Credit","3/1/2024","0","10.86","14150"
"76","38254898","Cash","3/1/2024","0","20.41","14150"
"77","38255022","Cash","3/1/2024","0","19","14207"
"78","38255085","Credit","3/1/2024","4.84","39.92","14150"
"79","38255225","Rails_DoorDash","3/1/2024","0","19.45","14150"
"80","38255290","Olo Pay","3/1/2024","0","21.04","14150"
"81","38255312","Olo Pay","3/1/2024","0","36.72","14150"
"82","38255354","Rails_DoorDash","3/1/2024","0","27.79","14150"
"83","38255147","Credit","3/1/2024","2.59","21.38","14150"
"84","38255248","Cash","3/1/2024","0","52.8","14150"
"85","38255405","Credit","3/1/2024","0","45.62","14150"
"86","38255392","Cash","3/1/2024","0","16.3","14150"
"87","38255531","Rails_DoorDash","3/1/2024","0","18.15","14150"
"88","38255631","Rails_DoorDash","3/1/2024","0","12.93","14150"
"89","38255647","Rails_Grubhub","3/1/2024","0","32.37","14150"
"90","38255718","Rails_DoorDash","3/1/2024","0","21.34","14150"
"91","38255844","Rails_Grubhub","3/1/2024","0","16.85","14150"
"92","38255891","Credit","3/1/2024","5","39.76","14150"
"93","38256099","Rails_DoorDash","3/1/2024","0","32.27","14150"
"94","38256105","Olo Pay","3/1/2024","0","14.13","14150"
"95","38255969","Gift Cards","3/1/2024","0","20","14150"
"96","38255969","Credit","3/1/2024","0","21.92","14150"
"97","38256057","Credit","3/1/2024","0","11.61","14150"
"98","38256157","Credit","3/1/2024","0","14.12","14150"
"99","38256207","Credit","3/1/2024","0","19.87","14226"
"100","38256228","Credit","3/1/2024","0","15.21","14226"
"101","38256320","Olo Pay","3/1/2024","3.71","45","14226"
"102","38256259","Credit","3/1/2024","0","44.55","14261"
"103","38256500","Rails_DoorDash","3/1/2024","0","20.09","14261"
"104","38256489","Credit","3/1/2024","2","21.88","14223"
"105","38256395","Credit","3/1/2024","1.95","16.08","14223"
"106","38256671","Olo Pay","3/1/2024","0","50.85","14223"
"107","38256805","Rails_DoorDash","3/1/2024","0","18.15","14223"
"108","38256860","Olo Pay","3/1/2024","0","15.75","14207"
"109","38256862","Olo Pay","3/1/2024","1","11.86","14150"
"110","38256894","Credit","3/1/2024","5.17","42.62","14150"
"111","38256552","Cash","3/1/2024","0","33.64","14150"
"112","38256962","Credit","3/1/2024","0","56.79","14150"
"113","38257274","Olo Pay","3/1/2024","0","42.35","14150"
"114","38257340","OLO Gift Card","3/1/2024","0","10.86","14150"
"115","38257122","Cash","3/1/2024","0","35.85","14150"
"116","38257223","Cash","3/1/2024","0","24.32","14150"
"117","38257383","Rails_DoorDash","3/1/2024","0","20.09","14150"
"118","38257269","Credit","3/1/2024","1.5","17.8","14150"
"119","38257312","Cash","3/1/2024","0","31.91","14150"
"120","38257577","Rails_DoorDash","3/1/2024","0","21.4","14150"
"121","38257579","Rails_UberEats","3/1/2024","0","49.98","14150"
"122","38257414","Cash","3/1/2024","0","37.79","14150"
"123","38257495","Credit","3/1/2024","0","44.1","14150"
"124","38257599","Cash","3/1/2024","0","38.02","14150"
"125","38257648","Credit","3/1/2024","0","24.01","14150"
"126","38257718","Credit","3/1/2024","1","19.25","14150"
"127","38257737","Credit","3/1/2024","0","5.43","14150"
"128","38257798","Cash","3/1/2024","0","3.25","14150"
"129","38257910","Credit","3/1/2024","0","21.38","14226"
"130","38257992","Credit","3/1/2024","0","19.55","14226"
"131","38258222","Rails_UberEats","3/1/2024","0","22.61","14226"
"132","38258324","Rails_UberEats","3/1/2024","0","18.15","14261"
"133","38258248","Cash","3/1/2024","0","41.29","14261"
"134","38258552","Olo Pay","3/1/2024","2.09","17.3","14223"
"135","38258338","Credit","3/1/2024","0","16.3","14223"
"136","38258699","Rails_Grubhub","3/1/2024","0","12.93","14223"
"137","38258471","Cash","3/1/2024","0","7.71","14223"
"138","38258749","Olo Pay","3/1/2024","0","15.21","14207"
"139","38258694","Credit","3/1/2024","0","13.85","14150"
"140","38257819","Credit","3/1/2024","0","10.86","14150"
"141","38258868","Credit","3/1/2024","6.57","54.21","14150"
"142","38259029","Gift Cards","3/1/2024","0","17.7","14150"
"143","38259008","Credit","3/1/2024","0","11.4","14150"
"144","38259096","Credit","3/1/2024","3.45","28.43","14150"
"145","38259105","Cash","3/1/2024","0","17.38","14150"
"146","38259207","Credit","3/1/2024","0","17.38","14150"
"147","38259362","OLO Gift Card","3/1/2024","1.49","12.35","14150"
"148","38259364","Olo Pay","3/1/2024","3.71","30.63","14150"
"149","38259286","Cash","3/1/2024","0","66.03","14150"
"150","38259632","Rails_DoorDash","3/1/2024","0","20.09","14150"
"151","38259452","Credit","3/1/2024","0","15.21","14150"
"152","38259770","Olo Pay","3/1/2024","0","16.3","14150"
"153","38259553","Credit","3/1/2024","0","2.39","14150"
"154","38259553","Cash","3/1/2024","0","15.41","14150"
"155","38259697","Credit","3/1/2024","0","23.67","14150"
"156","38259748","Credit","3/1/2024","0","11.61","14150"
"157","38259771","Credit","3/1/2024","0","21.38","14150"
"158","38259839","Cash","3/1/2024","0","19.44","14150"
"159","38259890","Credit","3/1/2024","0","16.3","14226"
"160","38260331","Cash","3/1/2024","0","16.3","14226"
"161","38260775","Rails_DoorDash","3/1/2024","0","52.53","14226"
"162","38260846","Google","3/1/2024","0","28.58","14261"
"163","38260549","Credit","3/1/2024","4.57","37.7","14261"
"164","38260804","Credit","3/1/2024","0","21.38","14223"
"165","38260995","Olo Pay","3/1/2024","0","17.05","14223"
"166","38260872","Credit","3/1/2024","0","15.21","14223"
"167","38261118","Rails_DoorDash","3/1/2024","0","24.44","14223"
"168","38261016","Credit","3/1/2024","0","15.21","14207"
"169","38261096","Cash","3/1/2024","0","21.28","14150"
"170","38261385","Rails_DoorDash","3/1/2024","0","19.11","14150"
"171","38261508","Rails_DoorDash","3/1/2024","0","16.85","14150"
"172","38261314","Cash","3/1/2024","0","26.71","14150"
"173","38261553","Rails_DoorDash","3/1/2024","0","19.45","14150"
"174","38261651","Olo Pay","3/1/2024","2.21","26.22","14150"
"175","38261496","Cash","3/1/2024","0","29.32","14150"
"176","38261663","Credit","3/1/2024","0","16.3","14150"
"177","38261757","Cash","3/1/2024","0","3.58","14150"
"178","38262049","Olo Pay","3/1/2024","0","31.52","14150"
"179","38261813","Credit","3/1/2024","0","33.23","14150"
"180","38262034","Credit","3/1/2024","0","18.79","14150"
"181","38262185","Credit","3/1/2024","0","14.12","14150"
"182","38262308","Cash","3/1/2024","0","16.3","14150"
"183","38262476","Cash","3/1/2024","0","14.12","14150"
"184","38262917","Rails_DoorDash","3/1/2024","0","13.89","14150"
"185","38262626","Credit","3/1/2024","0","11.61","14150"
"186","38262765","Cash","3/1/2024","0","14.44","14150"
"187","38262930","Credit","3/1/2024","0","19.65","14150"
"188","38263004","Credit","3/1/2024","2.1","17.31","14150"
"189","38263225","Rails_DoorDash","3/1/2024","0","21.84","14226"
"190","38263097","Credit","3/1/2024","1","20.55","14226"
"191","38263176","Cash","3/1/2024","0","22.47","14226"
"192","38263374","Cash","3/1/2024","0","16.5","14261"
"193","38263486","Credit","3/1/2024","0","20.64","14261"
"194","38263649","Credit","3/1/2024","0","16.3","14223"
"195","38263888","Olo Pay","3/1/2024","0","47.82","14223"
"196","38263939","Rails_DoorDash","3/1/2024","0","4.99","14223"
"197","38264211","Rails_DoorDash","3/1/2024","0","31.17","14223"
"198","38263784","Cash","3/1/2024","0","10.86","14207"
"199","38264196","Credit","3/1/2024","4.2","34.63","14150"
"200","38264336","Rails_UberEats","3/1/2024","0","21.39","14150"
"201","38264298","Cash","3/1/2024","0","19.88","14150"
"202","38264688","Rails_DoorDash","3/1/2024","0","23.91","14150"
"203","38264448","Gift Cards","3/1/2024","0","14.87","14150"
"204","38264514","Credit","3/1/2024","0","17.8","14150"
"205","38264781","Google","3/1/2024","0","17.17","14150"
"206","38265037","Olo Pay","3/1/2024","0","32.81","14150"
"207","38264787","Credit","3/1/2024","2.07","17.06","14150"
"208","38264902","Credit","3/1/2024","0","17.7","14150"
"209","38264914","Credit","3/1/2024","0","6.51","14150"
"210","38264975","Credit","3/1/2024","6.32","52.15","14150"
"211","38265038","Cash","3/1/2024","0","19.22","14150"
"212","38265125","Cash","3/1/2024","0","5.43","14150"
"213","38265700","Cash","3/1/2024","0","15.21","14150"
"214","38266012","Rails_DoorDash","3/1/2024","0","25.86","14150"
"215","38266080","Rails_UberEats","3/1/2024","0","19.45","14150"
"216","38265916","Credit","3/1/2024","0","10.86","14150"
"217","38266182","Credit","3/1/2024","4.95","40.8","14150"
"218","38266544","Credit","3/1/2024","0","10.86","14150"
"219","38267042","Olo Pay","3/1/2024","0","7.71","14226"
"220","38267148","Rails_DoorDash","3/1/2024","0","28.58","14226"
"221","38266623","Cash","3/1/2024","0","18.47","14226"
"222","38267138","Cash","3/1/2024","0","19.88","14261"
"223","38267285","Cash","3/1/2024","0","4.12","14261"
"224","38267298","Credit","3/1/2024","5.93","48.94","14223"
"225","38267392","Cash","3/1/2024","0","14.13","14223"
"226","38267401","Credit","3/1/2024","0","32.02","14223"
"227","38267924","Rails_UberEats","3/1/2024","0","19.77","14223"
"228","38267551","Credit","3/1/2024","3.15","25.95","14207"
"229","38267803","Credit","3/1/2024","0","27.14","14150"
"230","38268014","Rails_UberEats","3/1/2024","0","42.2","14150"
"231","38267950","Credit","3/1/2024","0","27.17","14150"
"232","38268404","Olo Pay","3/1/2024","0","21.73","14150"
"233","38268532","Google","3/1/2024","0","18.89","14150"
"234","38267880","Credit","3/1/2024","0","20.85","14150"
"235","38268744","Olo Pay","3/1/2024","0","10.86","14150"
"236","38269233","Olo Pay","3/1/2024","0","32.06","14150"
"237","38268928","Credit","3/1/2024","0","27.15","14150"
"238","38268846","Credit","3/1/2024","0","35.94","14150"
"239","38269616","Cash","3/1/2024","0","15.21","14150"
"240","38269707","Rails_DoorDash","3/1/2024","0","42.15","14150"
"241","38269498","Credit","3/1/2024","3.9","32.15","14150"
"242","38269701","Credit","3/1/2024","4","25.73","14150"
"243","38269720","Cash","3/1/2024","0","49.82","14150"
"244","38269821","Credit","3/1/2024","1","15.13","14150"
"245","38270100","Credit","3/1/2024","3.93","25.31","14150"
"246","38270139","Credit","3/1/2024","0","15.21","14150"
"247","38270233","Cash","3/1/2024","0","15.21","14150"
"248","38270522","Rails_DoorDash","3/1/2024","0","18.78","14150"
"249","38270247","Credit","3/1/2024","2.7","22.25","14226"
"250","38270312","Credit","3/1/2024","0","23.9","14226"
"251","38270641","Rails_DoorDash","3/1/2024","0","30.85","14226"
"252","38270727","Rails_DoorDash","3/1/2024","0","9.23","14261"
"253","38270367","Credit","3/1/2024","0","22.48","14261"
"254","38270467","Cash","3/1/2024","0","14.13","14223"
"255","38271132","Rails_DoorDash","3/1/2024","0","29.52","14223"
"256","38270623","Credit","3/1/2024","0","15.96","14223"
"257","38271207","Rails_DoorDash","3/1/2024","0","39.54","14223"
"258","38271120","Credit","3/1/2024","4.69","38.69","14207"
"259","38271449","Olo Pay","3/1/2024","0","30.97","14150"
"260","38271450","Rails_DoorDash","3/1/2024","0","19.45","14150"
"261","38271456","Olo Pay","3/1/2024","0","27.17","14150"
"262","38271851","Olo Pay","3/1/2024","0","7.71","14150"
"263","38272093","Rails_DoorDash","3/1/2024","0","18.47","14150"
"264","38271329","Credit","3/1/2024","2.25","18.55","14150"
"265","38272145","Cash","3/1/2024","0","19.54","14150"
"266","38272317","Credit","3/1/2024","2.7","22.24","14150"
"267","38272474","Rails_DoorDash","3/1/2024","0","19.41","14150"
"268","38272431","Credit","3/1/2024","0","15.21","14150"
"269","38272430","Cash","3/1/2024","0","16.3","14150"
"270","38272527","Cash","3/1/2024","0","28.23","14150"
"271","38272661","Credit","3/1/2024","2","38.5","14150"
"272","38272833","Credit","3/1/2024","0","28.25","14150"
"273","38272549","Credit","3/1/2024","4.2","34.63","14150"
"274","38273052","Rails_UberEats","3/1/2024","0","17.82","14150"
"275","38273085","Rails_UberEats","3/1/2024","0","24.77","14150"
"276","38273120","Rails_UberEats","3/1/2024","0","57.1","14150"
"277","38273078","Cash","3/1/2024","0","14.13","14150"
"278","38273007","Cash","3/1/2024","0","28.25","14150"
"279","38273438","Rails_DoorDash","3/1/2024","0","14.22","14226"
"280","38273191","Credit","3/1/2024","0","18.47","14226"
"281","38273223","Cash","3/1/2024","0","16.28","14226"
"282","38273536","Rails_UberEats","3/1/2024","0","29.96","14261"
"283","38273556","Rails_DoorDash","3/1/2024","0","38.68","14261"
"284","38273410","Credit","3/1/2024","0","4.12","14223"
"285","38273515","Credit","3/1/2024","0","27.17","14223"
"286","38273399","Cash","3/1/2024","0","41.59","14223"
"287","38273872","Rails_DoorDash","3/1/2024","0","15.85","14223"
"288","38274080","Credit","3/1/2024","1","16.96","14207"
"289","38274157","Credit","3/1/2024","0","19.22","14150"
"290","38274540","Credit","3/1/2024","0","3.25","14150"
"291","38274709","Olo Pay","3/1/2024","0","16.3","14150"
"292","38274812","Rails_DoorDash","3/1/2024","0","67.26","14150"
"293","38274588","Gift Cards","3/1/2024","0","30","14150"
"294","38274588","Credit","3/1/2024","0","13.46","14150"
"295","38274785","Credit","3/1/2024","0","34.76","14150"
"296","38274903","Credit","3/1/2024","0","14.13","14150"
"297","38275186","Olo Pay","3/1/2024","0","21.73","14150"
"298","38275361","Rails_DoorDash","3/1/2024","0","25.97","14150"
"299","38275278","Credit","3/1/2024","0","85.83","14150"
"300","38275579","Rails_DoorDash","3/1/2024","0","16.85","14150"
"301","38275635","Rails_DoorDash","3/1/2024","0","43.79","14150"
"302","38275607","Credit","3/1/2024","0","30.43","14150"
"303","38275816","Rails_UberEats","3/1/2024","0","20.09","14150"
"304","38275737","Credit","3/1/2024","1.95","16.08","14150"
"305","38275826","Credit","3/1/2024","0","15.21","14150"
"306","38275690","Credit","3/1/2024","0","16.3","14150"
"307","38275877","Credit","3/1/2024","2.05","4.8","14150"
"308","38275877","Cash","3/1/2024","0","12.12","14150"
"309","38275919","Credit","3/1/2024","0","10.86","14226"
"310","38276122","Rails_DoorDash","3/1/2024","0","102.42","14226"
"311","38276143","Olo Pay","3/1/2024","0","15.21","14226"
"312","38276045","Cash","3/1/2024","0","31.83","14261"
"313","38276362","Rails_DoorDash","3/1/2024","0","28.58","14261"
"314","38276141","Credit","3/1/2024","0","14.13","14223"
"315","38276593","Rails_DoorDash","3/1/2024","0","22.71","14223"
"316","38276814","Rails_UberEats","3/1/2024","0","19.45","14223"
"317","38276872","Olo Pay","3/1/2024","3.05","36.28","14223"
"318","38276954","Olo Pay","3/1/2024","2.88","17.84","14207"
"319","38277081","Rails_DoorDash","3/1/2024","0","33.11","14150"
"320","38277348","Rails_DoorDash","3/1/2024","0","18.15","14150"
"321","38277198","Credit","3/1/2024","0","32.6","14150"
"322","38277473","Olo Pay","3/1/2024","3.67","43.53","14150"
"323","38277412","Credit","3/1/2024","0","16.3","14150"
"324","38277613","Rails_DoorDash","3/1/2024","0","33.79","14150"
"325","38277640","Olo Pay","3/1/2024","5.68","46.85","14150"
"326","38277791","Rails_DoorDash","3/1/2024","0","19.45","14150"
"327","38278013","Rails_DoorDash","3/1/2024","0","14.88","14150"
"328","38278056","Olo Pay","3/1/2024","0","32.6","14150"
"329","38278131","Rails_DoorDash","3/1/2024","0","18.15","14150"
"330","38278134","Rails_UberEats","3/1/2024","0","40.85","14150"
"331","38278029","Credit","3/1/2024","1.6","13.21","14150"
"332","38278090","Credit","3/1/2024","0","27.17","14150"
"333","38278412","Rails_DoorDash","3/1/2024","0","19.45","14150"
"334","38278241","Credit","3/1/2024","2","39.25","14150"
"335","38278485","Rails_UberEats","3/1/2024","0","19.45","14150"
"336","38278648","Olo Pay","3/1/2024","2","58.38","14150"
"337","38278537","Cash","3/1/2024","0","28.25","14150"
"338","38278829","Rails_DoorDash","3/1/2024","0","12.93","14150"
"339","38278671","Credit","3/1/2024","0","32.6","14226"
"340","38278603","Credit","3/1/2024","1.95","16.07","14226"
"341","38279211","Rails_DoorDash","3/1/2024","0","19.45","14226"
"342","38279275","Rails_DoorDash","3/1/2024","0","18.15","14261"
"343","38278773","Credit","3/1/2024","2.43","20.03","14261"
"344","38279574","Rails_DoorDash","3/1/2024","0","16.85","14223"
"345","38279314","Credit","3/1/2024","0","15.96","14223"
"346","38279886","Olo Pay","3/1/2024","3","37.87","14223"
"347","38280070","Rails_DoorDash","3/1/2024","0","27.25","14223"
"348","38279936","Credit","3/1/2024","5","32.17","14207"
"349","38280262","Olo Pay","3/1/2024","0","32.06","14150"
"350","38280057","Credit","3/1/2024","0","14.13","14150"
"351","38280403","Rails_DoorDash","3/1/2024","0","28.25","14150"
"352","38280485","Rails_DoorDash","3/1/2024","0","42.81","14150"
"353","38280755","Rails_DoorDash","3/1/2024","0","18.65","14150"
"354","38280324","Credit","3/1/2024","5","68.24","14150"
"355","38280609","Credit","3/1/2024","0","28.88","14150"
"356","38280701","Credit","3/1/2024","2.44","20.14","14150"
"357","38280863","Rails_DoorDash","3/1/2024","0","46.15","14150"
"358","38280941","Rails_DoorDash","3/1/2024","0","23.36","14150"
"359","38280780","Credit","3/1/2024","3.2","26.43","14150"
"360","38280908","Cash","3/1/2024","0","23.23","14150"
"361","38281224","Rails_DoorDash","3/1/2024","0","38.91","14150"
"362","38281254","Rails_DoorDash","3/1/2024","0","19.45","14150"
"363","38281362","Olo Pay","3/1/2024","0","26.49","14150"
"364","38281378","Olo Pay","3/1/2024","0","10.86","14150"
"365","38281498","Rails_DoorDash","3/1/2024","0","19.45","14150"
"366","38281550","Olo Pay","3/1/2024","0","42.38","14150"
"367","38281551","Olo Pay","3/1/2024","0","39.74","14150"
"368","38281555","Olo Pay","3/1/2024","0","29.55","14150"
"369","38281574","Rails_UberEats","3/1/2024","0","72.27","14226"
"370","38281627","Olo Pay","3/1/2024","0","27.17","14226"
"371","38281656","Rails_DoorDash","3/1/2024","0","23.15","14226"
"372","38281175","Credit","3/1/2024","1.6","13.21","14261"
"373","38281634","Credit","3/1/2024","0","10.86","14261"
"374","38281903","Rails_DoorDash","3/1/2024","0","39.45","14223"
"375","38281709","Cash","3/1/2024","0","43.88","14223"
"376","38281814","Cash","3/1/2024","0","14.13","14223"
"377","38281889","Credit","3/1/2024","0","19.55","14223"
"378","38282118","Rails_DoorDash","3/1/2024","0","17.93","14207"
"379","38281945","Credit","3/1/2024","0","17.7","14150"
"380","38282021","Credit","3/1/2024","0","35.94","14150"
"381","38282107","Cash","3/1/2024","0","24","14150"
"382","38282152","Credit","3/1/2024","12.34","79.45","14150"
"383","38282402","Rails_Grubhub","3/1/2024","0","19.45","14150"
"384","38282270","Credit","3/1/2024","6.02","49.67","14150"
"385","38282545","Rails_DoorDash","3/1/2024","0","21.84","14150"
"386","38282801","Rails_DoorDash","3/1/2024","0","27.28","14150"
"387","38282506","Cash","3/1/2024","0","36.5","14150"
"388","38282922","Cash","3/1/2024","0","14.13","14150"
"389","38283053","Cash","3/1/2024","0","15.21","14150"
"390","38283202","Rails_DoorDash","3/1/2024","0","38.58","14150"
"391","38283155","Cash","3/1/2024","0","17.7","14150"
"392","38283216","Credit","3/1/2024","0","33.13","14150"
"393","38283304","Credit","3/1/2024","0","19.54","14150"
"394","38283417","Credit","3/1/2024","0","21.05","14150"
"395","38283496","Credit","3/1/2024","0","22.48","14150"
"396","38283563","Credit","3/1/2024","0","45.62","14150"
"397","38283745","Rails_DoorDash","3/1/2024","0","20.76","14150"
"398","38283744","Cash","3/1/2024","0","13.03","14150"
"399","38283954","Rails_DoorDash","3/1/2024","0","55.64","14226"
"400","38284116","Rails_DoorDash","3/1/2024","0","19.45","14226"
"401","38283674","Credit","3/1/2024","0","51.58","14226"
"402","38284126","Rails_UberEats","3/1/2024","0","57.69","14261"
"403","38284308","Rails_Grubhub","3/1/2024","0","19.45","14261"
"404","38283960","Credit","3/1/2024","0","39.18","14223"
"405","38284523","Rails_DoorDash","3/1/2024","0","43.9","14223"
"406","38284712","Rails_DoorDash","3/1/2024","0","27.05","14223"
"407","38284744","Rails_DoorDash","3/1/2024","0","21.39","14223"
"408","38284690","Credit","3/1/2024","3.27","26.94","14207"
"409","38284962","Rails_DoorDash","3/1/2024","0","44.22","14150"
"410","38285013","Rails_DoorDash","3/1/2024","0","36.3","14150"
"411","38284840","Cash","3/1/2024","0","36.05","14150"
"412","38284996","Credit","3/1/2024","0","10.86","14150"
"413","38285136","Olo Pay","3/1/2024","0","19.55","14150"
"414","38285079","Credit","3/1/2024","0","11.61","14150"
"415","38285341","Rails_DoorDash","3/1/2024","0","32.48","14150"
"416","38285408","Rails_DoorDash","3/1/2024","0","38.63","14150"
"417","38285461","Rails_DoorDash","3/1/2024","0","19.45","14150"
"418","38285166","Cash","3/1/2024","0","59.41","14150"
"419","38285376","Credit","3/1/2024","0","25.96","14150"
"420","38285644","Rails_DoorDash","3/1/2024","0","19.45","14150"
"421","38285508","Credit","3/1/2024","0","66.61","14150"
"422","38285775","Olo Pay","3/1/2024","0","14.13","14150"
"423","38285797","Rails_DoorDash","3/1/2024","0","73.54","14150"
"424","38285675","Credit","3/1/2024","0","58.66","14150"
"425","38285953","Olo Pay","3/1/2024","0","25.74","14150"
"426","38285812","Cash","3/1/2024","0","68.76","14150"
"427","38286197","Olo Pay","3/1/2024","0","44.2","14150"
"428","38286253","Olo Pay","3/1/2024","0","27.15","14150"
"429","38286306","Rails_DoorDash","3/1/2024","0","18.15","14226"
"430","38286021","Cash","3/1/2024","0","40.8","14226"
"431","38286691","Credit","3/1/2024","0","37.58","14226"
"432","38286796","Credit","3/1/2024","2.1","17.31","14261"
"433","38286972","Google","3/1/2024","3.78","44.97","14261"
"434","38287077","Rails_DoorDash","3/1/2024","0","18.24","14223"
"435","38287108","Olo Pay","3/1/2024","0","49.98","14223"
"436","38286913","Credit","3/1/2024","0","21.73","14223"
"437","38287153","Rails_UberEats","3/1/2024","0","27.81","14223"
"438","38287076","Credit","3/1/2024","4","25.73","14207"
"439","38287196","Credit","3/1/2024","0","30.43","14150"
"440","38287316","Cash","3/1/2024","0","26.08","14150"
"441","38287448","Cash","3/1/2024","0","18.79","14150"
"442","38287704","Rails_DoorDash","3/1/2024","0","31.16","14150"
"443","38287540","Cash","3/1/2024","0","17.7","14150"
"444","38287620","Credit","3/1/2024","0","26.39","14150"
"445","38287732","Credit","3/1/2024","0","17.05","14150"
"446","38287828","Cash","3/1/2024","0","43.89","14150"
"447","38288063","Olo Pay","3/1/2024","0","16.3","14150"
"448","38287999","Credit","3/1/2024","0","81.51","14150"
"449","38288345","Rails_UberEats","3/1/2024","0","23.15","14150"
"450","38288395","Olo Pay","3/1/2024","0","27.17","14150"
"451","38288459","Rails_DoorDash","3/1/2024","0","21.39","14150"
"452","38288141","Credit","3/1/2024","0","44.44","14150"
"453","38288299","Credit","3/1/2024","5.24","43.26","14150"
"454","38288466","Credit","3/1/2024","0","15.19","14150"
"455","38288571","Credit","3/1/2024","2.46","20.26","14150"
"456","38288819","Olo Pay","3/1/2024","0","30.43","14150"
"457","38288973","Rails_DoorDash","3/1/2024","0","44.12","14150"
"458","38288698","Cash","3/1/2024","0","15.21","14150"
"459","38288951","Credit","3/1/2024","0","19.22","14226"
"460","38289089","Cash","3/1/2024","0","10.86","14226"
"461","38289195","Credit","3/1/2024","10.05","64.68","14226"
"462","38289376","Credit","3/1/2024","0","14.13","14261"
"463","38289451","Credit","3/1/2024","5.84","48.21","14261"
"464","38289616","Credit","3/1/2024","0","5.87","14223"
"465","38289616","Credit","3/1/2024","0","9.34","14223"
"466","38289813","Credit","3/1/2024","0","17.38","14223"
"467","38289900","Cash","3/1/2024","0","10.86","14223"
"468","38289995","Cash","3/1/2024","0","14.13","14207"
"469","38290269","Rails_DoorDash","3/1/2024","0","31.82","14150"
"470","38290379","Olo Pay","3/1/2024","0","31.05","14150"
"471","38290056","Credit","3/1/2024","5","74.48","14150"
"472","38290588","Rails_DoorDash","3/1/2024","0","29.43","14150"
"473","38290342","Cash","3/1/2024","0","95.47","14150"
"474","38290742","Rails_DoorDash","3/1/2024","0","29.9","14150"
"475","38290771","Rails_DoorDash","3/1/2024","0","37.24","14150"
"476","38290624","Credit","3/1/2024","2.1","17.31","14150"
"477","38290727","Credit","3/1/2024","0","24.99","14150"
"478","38290976","Olo Pay","3/1/2024","0","29.11","14150"
"479","38290892","Cash","3/1/2024","0","14.13","14150"
"480","38291279","Rails_UberEats","3/1/2024","0","19.45","14150"
"481","38291536","Rails_UberEats","3/1/2024","0","13.56","14150"
"482","38291547","Olo Pay","3/1/2024","0","21.73","14150"
"483","38291627","Google","3/1/2024","0","44.56","14150"
"484","38291636","Credit","3/1/2024","1.95","16.08","14150"
"485","38291929","Olo Pay","3/1/2024","0","17.8","14150"
"486","38291776","Credit","3/1/2024","0","20.52","14150"
"487","38291896","Credit","3/1/2024","0","43.46","14150"
"488","38292297","Olo Pay","3/1/2024","0","29.88","14150"
"489","38292307","Rails_Grubhub","3/1/2024","0","18.15","14226"
"490","38292095","Credit","3/1/2024","0","15.96","14226"
"491","38292529","Rails_DoorDash","3/1/2024","0","18.15","14226"
"492","38292275","Cash","3/1/2024","0","17.93","14261"
"493","38292685","Olo Pay","3/1/2024","0","24.01","14261"
"494","38292723","Rails_DoorDash","3/1/2024","0","21.84","14223"
"495","38292614","Credit","3/1/2024","0","39.18","14223"
"496","38292981","Olo Pay","3/1/2024","0","31.52","14223"
"497","38292754","Credit","3/1/2024","1","16.21","14223"
"498","38293087","Rails_DoorDash","3/1/2024","0","19.45","14207"
"499","38292922","Credit","3/1/2024","0","38.68","14150"
"500","38293131","Credit","3/1/2024","2.2","18.16","14150"
"501","38293204","Credit","3/1/2024","0","19.22","14150"
"502","38293685","Rails_DoorDash","3/1/2024","0","29.88","14150"
"503","38293334","Credit","3/1/2024","0","43.33","14150"
"504","38293587","Cash","3/1/2024","0","14.12","14150"
"505","38293706","Credit","3/1/2024","0","7.71","14150"
"506","38293832","Cash","3/1/2024","0","15.21","14150"
"507","38294196","Olo Pay","3/1/2024","0","14.13","14150"
"508","38293952","Credit","3/1/2024","0","40.2","14150"
"509","38294050","Credit","3/1/2024","0","36.17","14150"
"510","38294299","Rails_DoorDash","3/1/2024","0","28.25","14150"
"511","38294172","Credit","3/1/2024","3.9","32.14","14150"
"512","38294540","Credit","3/1/2024","2.95","24.34","14150"
"513","38294763","Credit","3/1/2024","0","44.63","14150"
"514","38295156","Rails_DoorDash","3/1/2024","0","20.73","14150"
"515","38295069","Credit","3/1/2024","0","22.79","14150"
"516","38295202","Credit","3/1/2024","1","33.15","14150"
"517","38295314","Olo Pay","3/1/2024","0","15.21","14150"
"518","38295451","Rails_UberEats","3/1/2024","0","38.91","14150"
"519","38295648","Rails_UberEats","3/1/2024","0","20.09","14226"
"520","38295750","Olo Pay","3/1/2024","0.99","11.85","14226"
"521","38295281","Cash","3/1/2024","0","37.15","14226"
"522","38295571","Credit","3/1/2024","0","38.99","14261"
"523","38295926","Rails_DoorDash","3/1/2024","0","24.44","14261"
"524","38295929","Olo Pay","3/1/2024","0","11.61","14223"
"525","38295679","Credit","3/1/2024","5.09","42.02","14223"
"526","38295909","Credit","3/1/2024","0","10.86","14223"
"527","38295985","Credit","3/1/2024","0","59.76","14223"
"528","38296200","Credit","3/1/2024","0","5.43","14207"
"529","38296501","Olo Pay","3/1/2024","0","10.86","14150"
"530","38296650","Rails_DoorDash","3/1/2024","0","49.2","14150"
"531","38296365","Credit","3/1/2024","0","7.6","14150"
"532","38296471","Credit","3/1/2024","0","24.44","14150"
"533","38296713","Olo Pay","3/1/2024","0","16.3","14150"
"534","38296629","Cash","3/1/2024","0","33.67","14150"
"535","38297034","Rails_DoorDash","3/1/2024","0","24.44","14150"
"536","38297077","Rails_DoorDash","3/1/2024","0","22.71","14150"
"537","38296872","Cash","3/1/2024","0","15.21","14150"
"538","38297188","Rails_DoorDash","3/1/2024","0","20.09","14150"
"539","38297313","Google","3/1/2024","2.2","18.17","14150"
"540","38297030","Cash","3/1/2024","0","30.43","14150"
"541","38297420","Rails_DoorDash","3/1/2024","0","20.76","14150"
"542","38297445","Olo Pay","3/1/2024","0","39","14150"
"543","38297228","Cash","3/1/2024","0","85.68","14150"
"544","38297587","Rails_DoorDash","3/1/2024","0","23.91","14150"
"545","38297462","Cash","3/1/2024","0","50","14150"
"546","38297575","Cash","3/1/2024","0","20.64","14150"
"547","38297779","Cash","3/1/2024","0","15.96","14150"
"548","38298187","Google","3/1/2024","0","17.17","14150"
"549","38298122","Credit","3/1/2024","0","14.13","14226"
"550","38298158","Cash","3/1/2024","0","10.86","14226"
"551","38298255","Google","3/1/2024","4.81","57.18","14226"
"552","38298321","Rails_DoorDash","3/1/2024","0","25.84","14261"
"553","38298238","Credit","3/1/2024","2.32","19.14","14261"
"554","38298314","Cash","3/1/2024","0","43.23","14223"
"555","38298503","Credit","3/1/2024","0","17.7","14223"
"556","38298753","Rails_DoorDash","3/1/2024","0","35.62","14223"
"557","38298597","Credit","3/1/2024","0","15.21","14223"
"558","38298715","Cash","3/1/2024","0","10.86","14207"
"559","38299153","Olo Pay","3/1/2024","0","17.05","14150"
"560","38298805","Cash","3/1/2024","0","146.8","14150"
"561","38299205","Rails_UberEats","3/1/2024","0","18.47","14150"
"562","38299118","Cash","3/1/2024","0","37.58","14150"
"563","38299497","Rails_DoorDash","3/1/2024","0","28.35","14150"
"564","38299278","Credit","3/1/2024","2.46","20.26","14150"
"565","38299418","Credit","3/1/2024","0","14.44","14150"
"566","38299515","Cash","3/1/2024","0","14.12","14150"
"567","38299616","Rails_DoorDash","3/1/2024","0","17.93","14150"
"568","38299734","Google","3/1/2024","0","17.17","14150"
"569","38299596","Cash","3/1/2024","0","10.86","14150"
"570","38299674","Credit","3/1/2024","0","16.3","14150"
"571","38299851","Olo Pay","3/1/2024","0","10.86","14150"
"572","38299978","Rails_UberEats","3/1/2024","0","25.97","14150"
"573","38300018","Rails_DoorDash","3/1/2024","0","13.89","14150"
"574","38299755","Cash","3/1/2024","0","21.39","14150"
"575","38299937","Cash","3/1/2024","0","62.46","14150"
"576","38300287","Credit","3/1/2024","0","31.59","14150"
"577","38300412","Cash","3/1/2024","0","14.13","14150"
"578","38300506","Credit","3/1/2024","0","20.63","14150"
"579","38300586","Credit","3/1/2024","0","17.05","14226"
"580","38300673","Cash","3/1/2024","0","20","14226"
"581","38300673","Credit","3/1/2024","0","40.86","14226"
"582","38300990","Rails_DoorDash","3/1/2024","0","26.28","14261"
"583","38301282","Rails_UberEats","3/1/2024","0","19.45","14261"
"584","38301303","Rails_DoorDash","3/1/2024","0","50.54","14223"
"585","38301580","Rails_DoorDash","3/1/2024","0","16.85","14223"
"586","38301675","Rails_DoorDash","3/1/2024","0","29.88","14223"
"587","38301334","Credit","3/1/2024","0","28.23","14223"
"588","38301516","Cash","3/1/2024","0","35.85","14207"
"589","38301968","Rails_UberEats","3/1/2024","0","23.36","14150"
"590","38302352","Olo Pay","3/1/2024","0","16.83","14150"
"591","38302152","Cash","3/1/2024","0","2.18","14150"
"592","38302124","Cash","3/1/2024","0","17.8","14150"
"593","38302249","Credit","3/1/2024","0","16.07","14150"
"594","38302233","Cash","3/1/2024","0","31.49","14150"
"595","38302494","Cash","3/1/2024","0","7.16","14150"
"596","38302536","Credit","3/1/2024","1.5","12.36","14150"
"597","38302591","Credit","3/1/2024","0","15.21","14150"
"598","38302660","Credit","3/1/2024","0","15.21","14150"
"599","38302766","Credit","3/1/2024","0","18.47","14150"
"600","38302849","Credit","3/1/2024","0","16.29","14150"
"601","38303055","Rails_Grubhub","3/1/2024","0","26.94","14150"
"602","38302942","Credit","3/1/2024","0","30.09","14150"
"603","38303265","Rails_DoorDash","3/1/2024","0","48.75","14150"
"604","38303293","Rails_Postmates","3/1/2024","0","38.24","14150"
"605","38303195","Credit","3/1/2024","3","42.63","14150"
"606","38303441","Rails_UberEats","3/1/2024","0","58.45","14150"
"607","38303483","Rails_DoorDash","3/1/2024","0","19.45","14150"
"608","38303606","Rails_DoorDash","3/1/2024","0","23.91","14150"
"609","38303424","Credit","3/1/2024","2.25","18.55","14226"
"610","38303513","Credit","3/1/2024","0","16.3","14226"
"611","38303590","Credit","3/1/2024","2.46","20.27","14226"
"612","38303674","Credit","3/1/2024","1.05","8.65","14261"
"613","38303796","Credit","3/1/2024","0","17.38","14261"
"614","38303858","Credit","3/1/2024","0","22.8","14223"
"615","38303948","Credit","3/1/2024","0","16.3","14223"
"616","38304530","Olo Pay","3/1/2024","0","15.57","14223"
"617","38304292","Cash","3/1/2024","0","32.15","14223"
"618","38304532","Credit","3/1/2024","0","35.41","14207"
"619","38304620","Credit","3/1/2024","2.85","23.49","14150"
"620","38304721","Credit","3/1/2024","2.1","17.31","14150"
"621","38304904","Credit","3/1/2024","0","15.21","14150"
"622","38305032","Credit","3/1/2024","0","24.76","14150"
"623","38305337","Gift Cards","3/1/2024","0","31.28","14150"
"624","38305550","Credit","3/1/2024","0","41.48","14150"
"625","38305712","Credit","3/1/2024","0","38.88","14150"
"626","38306044","Credit","3/1/2024","0","16.3","14150"
"627","38306111","Credit","3/1/2024","0","18.47","14150"
"628","38306215","Credit","3/1/2024","0","18.47","14150"
"629","38306527","Google","3/1/2024","0","15.31","14150"
"630","38306675","Rails_DoorDash","3/1/2024","0","38.91","14150"
"631","38306722","Rails_Grubhub","3/1/2024","0","17.93","14150"
"632","38306680","Credit","3/1/2024","0.79","16","14150"
"633","38306817","Rails_UberEats","3/1/2024","0","25.86","14150"
"634","38306832","Rails_DoorDash","3/1/2024","0","20.76","14150"
"635","38306892","Olo Pay","3/1/2024","0","18.79","14150"
"636","38306898","Olo Pay","3/1/2024","0","11.61","14150"
"637","38306979","Cash","3/1/2024","0","16.3","14150"
"638","38307145","Rails_DoorDash","3/1/2024","0","18.79","14150"
"639","38307266","Rails_UberEats","3/1/2024","0","16.85","14226"
"640","38307346","Credit","3/1/2024","0","14.13","14226"
"641","38307509","Rails_DoorDash","3/1/2024","0","33.35","14226"
"642","38307446","Credit","3/1/2024","0","10.86","14261"
"643","38307709","Rails_DoorDash","3/1/2024","0","12.93","14261"
"644","38307904","Rails_DoorDash","3/1/2024","0","17.48","14223"
"645","38307909","Credit","3/1/2024","0","14.13","14223"
"646","38308235","Rails_DoorDash","3/1/2024","0","24.44","14223"
"647","38308146","Credit","3/1/2024","0","15.96","14223"
"648","38308475","Rails_UberEats","3/1/2024","0","41.62","14207"
"649","38308940","Rails_DoorDash","3/1/2024","0","35.1","14150"
"650","38308847","Credit","3/1/2024","0","10.86","14150"
"651","38309324","Credit","3/1/2024","0","19.54","14150"
"652","38309797","Rails_DoorDash","3/1/2024","0","18.15","14150"
"653","38309847","Rails_DoorDash","3/1/2024","0","38.91","14150"
"654","38309693","Credit","3/1/2024","0","15.21","14150"
"655","38309965","Rails_DoorDash","3/1/2024","0","19.44","14150"
"656","38309801","Cash","3/1/2024","0","18.79","14150"
"657","38309913","Cash","3/1/2024","0","14.44","14150"
"658","38310149","Olo Pay","3/1/2024","0","21.5","14150"
"659","38310264","Rails_DoorDash","3/1/2024","0","24.44","14150"
"660","38310409","Google","3/1/2024","3.2","38.07","14150"
"661","38310410","Rails_DoorDash","3/1/2024","0","20.1","14150"
"662","38310523","Rails_DoorDash","3/1/2024","0","24.44","14150"
"663","38310585","Rails_DoorDash","3/1/2024","0","47.02","14150"
"664","38310698","Rails_DoorDash","3/1/2024","0","30.51","14150"
"665","38310726","Rails_DoorDash","3/1/2024","0","29.78","14150"
"666","38310870","Olo Pay","3/1/2024","0","23.98","14150"
"667","38310722","Cash","3/1/2024","0","19.88","14150"
"668","38310785","Credit","3/1/2024","2.74","22.62","14150"
"669","38311035","Rails_UberEats","3/1/2024","0","29.88","14226"
"670","38310856","Credit","3/1/2024","0","21.39","14226"
"671","38310969","Credit","3/1/2024","0","23.57","14226"
"672","38311258","Olo Pay","3/1/2024","0","19.32","14261"
"673","38311481","Rails_DoorDash","3/1/2024","0","16.85","14261"
"674","38311585","Olo Pay","3/1/2024","0","16.57","14223"
"675","38311616","Rails_DoorDash","3/1/2024","0","22.6","14223"
"676","38311633","Rails_DoorDash","3/1/2024","0","23.33","14223"
"677","38311576","Credit","3/1/2024","0","15.21","14223"
"678","38311727","Rails_DoorDash","3/1/2024","0","29.88","14207"
"679","38311652","Credit","3/1/2024","0","15.21","14150"
"680","38311726","Credit","3/1/2024","2.52","20.77","14150"
"681","38312019","OLO Gift Card","3/1/2024","0","16.3","14150"
"682","38311827","Credit","3/1/2024","0","10.86","14150"
"683","38311896","Credit","3/1/2024","0","16.3","14150"
"684","38312146","Rails_UberEats","3/1/2024","0","25.05","14150"
"685","38312164","Olo Pay","3/1/2024","0","16.3","14150"
"686","38312229","Rails_DoorDash","3/1/2024","0","21.39","14150"
"687","38311990","Credit","3/1/2024","0","10.86","14150"
"688","38312144","Credit","3/1/2024","0","19.55","14150"
"689","38312275","Credit","3/1/2024","0","7.71","14150"
"690","38312541","Rails_DoorDash","3/1/2024","0","23.67","14150"
"691","38312907","Rails_DoorDash","3/1/2024","0","18.47","14150"
"692","38312954","Cash","3/1/2024","0","14.13","14150"
"693","38313073","Credit","3/1/2024","0","16.3","14150"
"694","38313303","Rails_UberEats","3/1/2024","0","62.03","14150"
"695","38313397","Rails_DoorDash","3/1/2024","0","51.72","14150"
"696","38313166","Credit","3/1/2024","0","17.8","14150"
"697","38313406","Rails_DoorDash","3/1/2024","0","45.43","14150"
"698","38313490","Rails_DoorDash","3/1/2024","0","18.15","14150"
"699","38313539","Credit","3/1/2024","0","66.97","14226"
"700","38314086","Credit","3/1/2024","2.1","17.31","14226"
"701","38252917","Cash","3/1/2024","0","19.01","14226"
